{"cameraMode":{"drawMode":0,"name":"Shaded","section":"Shading Mode"},"sceneLighting":true,"audioPlay":false,"sceneViewState":{"m_AlwaysRefresh":false,"showFog":true,"showSkybox":false,"showFlares":true,"showImageEffects":true,"showParticleSystems":true,"showVisualEffectGraphs":true,"m_FxEnabled":true},"in2DMode":false,"pivot":{"x":-0.14983521401882173,"y":5.1998395919799809,"z":-6.8948893547058109},"rotation":{"x":0.07797285169363022,"y":0.059380803257226947,"z":0.004655304364860058,"w":-0.9951803684234619},"size":5.095808982849121,"orthographic":false}