{"cameraMode":{"drawMode":0,"name":"Shaded","section":"Shading Mode"},"sceneLighting":true,"audioPlay":false,"sceneViewState":{"m_AlwaysRefresh":false,"showFog":true,"showSkybox":false,"showFlares":true,"showImageEffects":true,"showParticleSystems":true,"showVisualEffectGraphs":true,"m_FxEnabled":true},"in2DMode":false,"pivot":{"x":1.8274710178375245,"y":7.653134346008301,"z":2.2408108711242677},"rotation":{"x":-0.2316863238811493,"y":0.001068399054929614,"z":-0.00025299121625721455,"w":-0.9727980494499207},"size":3.2813327312469484,"orthographic":false}